fila,nombre,slug,categoria,zona,latitud,longitud,ubicacion,notas
1,Kabe Agencia Creativa,kabe-agencia-creativa,cursos,Zona este,10.07,-69.288,aproximada,"Ubicación aproximada por zona, verificar"
2,CVM Academia,cvm-academia,cursos,Urb. del Este,10.076,-69.299,aproximada,"Ubicación aproximada por zona, verificar"
3,Baby Genius,baby-genius,cursos,,,,,Falta ubicar en el mapa
4,Rincón del Saber,rincon-del-saber,cursos,Santa Elena,10.0775,-69.315,aproximada,"Ubicación aproximada por zona, verificar"
5,CADIPA,cadipa,deportes,Zona este,10.07,-69.288,aproximada,"Ubicación aproximada por zona, verificar"
6,Fast English Bqto,fast-english-bqto,cursos,Los Leones,10.0718,-69.2935,aproximada,"Ubicación aproximada por zona, verificar"
7,Stars Chess Academia de Ajedrez,stars-chess-academia-de-ajedrez,cursos,Cabudare,10.0285,-69.264,aproximada,"Ubicación aproximada por zona, verificar"
8,CADIF1,cadif1,cursos,,,,,Falta ubicar en el mapa
9,Grandes Artistas,grandes-artistas,cursos,Centro,,,,Falta ubicar en el mapa
10,Natación CAEL,natacion-cael,deportes,,,,,Falta ubicar en el mapa
11,APUCLA,apucla,deportes,Cabudare,10.0285,-69.264,aproximada,"Ubicación aproximada por zona, verificar"
12,Kurios,kurios,cursos,En línea,,,,Sin ubicación física
13,Inspirarte,inspirarte,cursos,Urb. del Este,10.076,-69.299,aproximada,"Ubicación aproximada por zona, verificar"
14,Parque Bararida,parque-bararida,naturaleza,Av. Libertador,10.0712,-69.3069,aproximada,"Ubicación aproximada por zona, verificar"
15,Agencia de Viaje Jireh,agencia-de-viaje-jireh,cursos,,,,,Falta ubicar en el mapa
16,Más que una Mae,mas-que-una-mae,cursos,Av. Morán,,,,Falta ubicar en el mapa
17,Tiny Seeds,tiny-seeds,cursos,Urb. del Este,10.076,-69.299,aproximada,"Ubicación aproximada por zona, verificar"
18,Almas Libres Montessori,almas-libres-montessori,cursos,Av. Morán,,,,Falta ubicar en el mapa
19,Proyección Lara,proyeccion-lara,cursos,,,,,Falta ubicar en el mapa
20,Nanos Experience,nanos-experience,cursos,Zona este,10.076,-69.299,aproximada,"Ubicación aproximada por zona, verificar"
21,ZIG ZAG,zig-zag,cursos,Los Leones,10.0718,-69.2935,aproximada,"Ubicación aproximada por zona, verificar"
22,Don Gaspar,don-gaspar,cursos,,,,,Falta ubicar en el mapa
23,Color Arte Designs,color-arte-designs,cursos,El Parral,,,,Falta ubicar en el mapa
24,Deportes acuáticos canarios,deportes-acuaticos-canarios,deportes,,,,,Falta ubicar en el mapa
25,Imparando Italiano,imparando-italiano,cursos,,,,,Falta ubicar en el mapa
26,Zifeng,zifeng,cursos,Varias sedes,,,,Falta ubicar en el mapa
27,Centro de atención AEIOU,centro-de-atencion-aeiou,cursos,Urb. del Este,10.076,-69.299,aproximada,"Ubicación aproximada por zona, verificar"
28,Art Music Academia,art-music-academia,cursos,,,,,Falta ubicar en el mapa
29,Funglish,funglish,cursos,Santa Elena,10.0775,-69.315,aproximada,"Ubicación aproximada por zona, verificar"
30,Aprende Más,aprende-mas,cursos,,,,,Falta ubicar en el mapa
31,Algorithmics,algorithmics,cursos,,,,,Falta ubicar en el mapa
32,CEMPROZA,cemproza,cursos,Centro-oeste,,,,Falta ubicar en el mapa
33,COSMODOM,cosmodom,museos,Av. Libertador,10.0712,-69.3069,aproximada,"Ubicación aproximada por zona, verificar"
