,Lugar ,ubicación,Fecha ,Turno,Edades,Redes y Contactos ,Resumen de Actividades ,Costo
1,Kabe Agencia Creativa,@Vallekidsbqto (frente al Kilovatico),Del 10 al 14/08,Tarde,Entre 4 y 10 años,ig: kabe.bqto / 04125030702,"juegos, arte, rallys y retos, piscina, meriendas e hidratación, uniformes y más",75 USD 
2,CVM Academia ,Urbanización del este ,-,Tarde,Entre 3 y 6 años ,ig: cvmacademia / 04121527492,"arte, música e inglés",-
3,Baby Genius ,Detras de Torito Express,Temporadas desde el 27/7,Mañana o Tarde,Entre 1 y 4 años,ig: babygenius.club / 04245364797,Estimulación temprana,50 USD una semana
4,Rincón del Saber ,Santa Elena,Del 27/7 al 28/8,Mañana  ,Entre 3 y 7 años ,ig: rincondelsaber.respaldo / 04125169708,"Juegos, manualidades, piscina y nivelación escolar",20 euros por semana 
5,CADIPA,CADIPA via el kilovatico,Agosto y septiembre,Todo el día,Entre 4 y 12 años,ig: cadipabqto / 04226419313,"kit de bienvenida, actividades deportivas y recreativas, almuerzo y meriendas",150 euros por semana 
6,Fast English Bqto,Calle 39 / 20 y 21 y cc Los Leones ,-,-,Desde los 4 años,ig: bqto.fastenglish / 04245465148 ,"Manualidades, actividades recreativas e iniciación al inglés",-
7,Stars Chess Academia de Ajedrez ,Cabudare,"Julio, agosto y Septiembre",Mañana ,-,ig: starschessacademycabudare / 04245632694,Academia de Ajedrez,50 USD mes
8,CADIF1,,Del 20 al 24/7,Mañana,Entre 7 y 11 años,ig: cadif1 / 04143382283,"Programación, diseño, electrónica y computación",-
9,Grandes Artistas,Calle 25 / 34 y 35,-,-,-,ig: grandesartistaskids / 04121596506,Clases de arte,-
10,Natación CAEL ,Colegio de abogados,Temporadas desde el 7/7 ,Mañana y tarde,Desde los 3 años,ig: escueladenatacioncael / 04145774142,Natación,30 USD (2 clases x semana) y 50 USD (4 clases x semana)
11,APUCLA,Cabudare ,temporadas desde el 14/7,Mañana,A partir de 1 año,ig: sedesocialapucla / 04127230490,Natación,35USD afiliado 45USD no afiliado 
12,Kurios,Virtual,Del 13 al 23/7,3:00 pm,De 6 a 8 años,ig: kurios_edu,Robótica y programación,Gratuito
13,Inspirarte ,Urb. del Este,del 27 al 31/7,mañana,Entre 3 y 10 años,ig: inspirartebqto / 04125258973,"Minichef, arte, cine y más",55 euros
14,Parque Bararida,Parque Bararida Av. libertador ,Temporadas desde el 27/7,Mañana,Entre 5 y 14 años,ig: parquebararida / 04166124174,"Recreación, visitas guiadas, pernocta el útimo día ",75 USD
15,Agencia de Viaje Jireh,Barquisimeto carrera 17,Del 10 al 14/8,Mañana y Tarde,-,ig: agenciadeviaje_jireh / 04245642933,"Mini chef, visita al zoo, uniforme, almuerzos y meriendas",75 USD
16,Más que una Mae,Av. Morán entre 20 y 21,Agosto,Mañana  ,Entre 5 y 9 años,ig: masqueunamae / 04121569056,nivelción académica ,135 USD
17,Tiny Seeds,Urb. del Este,Desde el 3/8,-,-,ig: tinyseeds.bqto / 04127291885,Inglés y diversión,-
18,Almas Libres Montessori,Av. Morán ,Desde el 3/8,Mañana,De 2 a 6 años,ig: almaslibresmontessori / 04128052503,"Arte, música y movimiento",60 USD por semana
19,Proyección Lara,Carrera 19 con calle 10,Del 20 al 24/7,Mañana,De 4 a 12 años,ig: proyeccion.lara / 04149511529,"Baile, pintura y manualidades",35 USD 
20,Nanos Experience ,Starcom (zona este),Desde el 20/7,Mañana,De 4 a 10 años ,ig: nanosexperience ,"Arte y pintura, cuenta cuentos, mini chef",-
21,ZIG ZAG,CC Los Leones,Desde el 20/7,-,Entre 5 y 11 años,ig: zigzag_bqto / 04124128138,"Kit, meriendas, cultura, arte, chef entre otros ",140 USD 
22,Don Gaspar,Calle 13 entre carreras 23 y 24,-,Mañana,Entre 3 y 8 años,ig: academiademusicadongaspar / 04141582615,"Música y canto, arte y manualidades, cocina. Incluye uniforme",-
23,Color Arte Designs,Carrera 2 con calle 11 Urb. El Parral,Desde el 27/7,Mañana,Desde los 4 años,ig: colorartedesigns,Arte y diversión + meriendas ,Desde 70 euros por semana 
24,Deportes acuáticos canarios,Club Canario Larense,Julio y Agosto,Tarde,De 3 a 7 años,ig: deportesacuaticoscanarios / 0424-5778089,Natación (incluye kit),Desde 70 USD
25,Imparando Italiano,"Av. Galipán, transversal 2 de calle Guatopo, Barquisimeto",Del 20/07 al 4/9,-,Entre 6 y 13 años,ig: imparandoitaliano.bqto / 0424-5596948,Italiano 100%,20 USD SEMANAL + 20 usd libro
26,Zifeng,Varias sedes en Barquisimeto y Cabudare,-,Mañana o Tarde,Desde los 3 años,ig: zifengidiomascurso / 0414-5053062,"Inglés, portugué, italiano, mandarín y Alemán",-
27,Centro de atención AEIOU,Calle Principal con calle Los Jabillos. Urb. Del Este,A partir del 3/8,Mañana,Entre 3 y 12 años,ig: aeiou_ve / 0424-5144862,"Ciencia, mini chef, spa, juegos",-
28,Art Music Academia,"Av. Vargas con carrera 21, Edf. Stanovich primer piso local 2",A partir del 11/08,Tarde,Entre 4 y 11 años,ig: artmusic.academia / 0426-4355197,"Música, teatro, pintura, oratoria y baile",-
29,Funglish,"Urb. Santa Elena, calle bélgica",Del 27/7 al 21/8,Mañana,Entre 2 y 9 años,ig: funglish_bqto / 0414-5122772,Inglés a través de semanas temáticas,-
30,Aprende Más ,CC Rio Lama (nivel Sótano),Temporadas desde el 20/7,Mañana y Tarde,Entre 4 y 10 años,ig: aprendemasbqto,"Ciencia, tecnología, experimentos y expresión ",-
31,Algorithmics ,Fundalara. Detrás de la torre Inter,,Mañana y tarde,De 9 años en adelante,ig: algorithmics.barquisimeto.este / 04120675099,"programación, diseño y tecnología ",-
32,CEMPROZA ,Barquisimeto Centro-Oeste ,,mañana ,Entre 6 y 12 años ,ig: cemproza_barquisimeto / 04140577668,"cocina, inglés, locución y arte",-
33,COSMODOM ,Parque Bararida ,Temporadas desde el 3/8,Mañana y tarde,Entre 6 y 13 años ,ig: planetariosanchez / 04166124174,"Hidro coheteria, rallys espaciales, telescopio, experimentos y paseos en bote",-
34,,,,,,,,